<?xml version="1.0" encoding="UTF-8"?>
<project-private xmlns="http://www.netbeans.org/ns/project-private/1">
    <editor-bookmarks xmlns="http://www.netbeans.org/ns/editor-bookmarks/2" lastBookmarkId="0"/>
    <open-files xmlns="http://www.netbeans.org/ns/projectui-open-files/2">
        <group>
            <file>file:/home/jerduar/COMPI2/Proyecto1/Proyecto_Lienzo/src/AnalizadorCC/Analizador_Lienzo.java</file>
            <file>file:/home/jerduar/COMPI2/Proyecto1/Proyecto_Lienzo/src/proyecto_lienzo/Proyecto_Lienzo.java</file>
            <file>file:/home/jerduar/COMPI2/Proyecto1/Proyecto_Lienzo/src/proyecto_lienzo/LienzoEdit.java</file>
            <file>file:/home/jerduar/COMPI2/Proyecto1/Proyecto_Lienzo/src/proyecto_lienzo/Ejecutar.java</file>
            <file>file:/home/jerduar/COMPI2/Proyecto1/Proyecto_Lienzo/src/AnalizadorCC/AnalizadorLienzo.jj</file>
        </group>
    </open-files>
</project-private>
